City_ID,City,Lat,Lng,Max Temp,Humidity,Cloudiness,Wind Speed,Country,Date
0,edinburgh of the seven seas,-37.0676,-12.3116,15.660000000000025,90,43,15.02,SH,1699377422
1,bredasdorp,-34.5322,20.0403,15.460000000000036,57,53,4.8,ZA,1699377422
2,adamstown,-25.066,-130.1015,22.590000000000032,85,100,9.75,PN,1699377422
3,hanzhong,33.0728,107.0303,12.670000000000016,82,75,0.67,CN,1699377423
4,qarah bagh,34.9402,61.7759,16.620000000000005,55,100,3.7,AF,1699377423
5,knyaginino,55.8228,45.0349,8.120000000000005,92,99,3.87,RU,1699377423
6,khandyga,62.6667,135.6,-34.139999999999986,100,19,0.14,RU,1699377423
7,juegang,32.3174,121.1855,13.150000000000034,75,1,4.42,CN,1699377424
8,papatowai,-46.5619,169.4708,7.650000000000034,89,100,2.39,NZ,1699377424
9,west island,-12.1568,96.8225,25.99000000000001,83,40,5.14,CC,1699377424
10,puerto ayora,-0.7393,-90.3518,28.980000000000018,78,35,4.47,EC,1699377425
11,lebu,-37.6167,-73.65,13.220000000000027,75,24,3.43,CL,1699377425
12,punta arenas,-53.15,-70.9167,7.840000000000032,65,82,5.31,CL,1699377162
13,stanley,54.868,-1.6985,9.330000000000041,88,20,3.6,GB,1699377143
14,port-aux-francais,-49.35,70.2167,3.4700000000000273,75,70,9.67,TF,1699377426
15,invercargill,-46.4,168.35,9.450000000000045,87,100,0.45,NZ,1699377168
16,callao,-12.0667,-77.15,21.160000000000025,73,100,2.57,PE,1699377192
17,kingston,17.997,-76.7936,33.47000000000003,60,20,1.54,JM,1699377427
18,petropavlovsk-kamchatsky,53.0452,158.6483,-3.6399999999999864,48,75,4.02,RU,1699377427
19,nemuro,43.3236,145.575,9.129999999999995,77,16,11.37,JP,1699377427
20,st. john's,47.5649,-52.7093,5.710000000000036,59,75,3.09,CA,1699377427
21,yellowknife,62.456,-114.3525,-5.7099999999999795,86,100,3.6,CA,1699377423
22,kalaoa,19.7286,-155.9817,21.29000000000002,94,75,2.57,US,1699377428
23,ushuaia,-54.8,-68.3,7.810000000000002,58,75,11.18,AR,1699377428
24,porto santo stefano,42.4338,11.1237,13.79000000000002,62,94,5.75,IT,1699377429
25,tiksi,71.6872,128.8694,-22.72999999999999,95,60,3.2,RU,1699377429
26,keflavik,64.0049,-22.5624,4.240000000000009,81,40,8.75,IS,1699377429
27,waitangi,-43.9535,-176.5597,12.120000000000005,97,100,0.45,NZ,1699377430
28,ust'-kulom,61.6864,53.6902,3.1000000000000227,96,100,3.12,RU,1699377430
29,albany,42.6001,-73.9662,16.890000000000043,72,52,0.89,US,1699377318
30,bamboo flat,11.7,92.7167,27.05000000000001,89,40,1.03,IN,1699377430
31,tralee,52.2704,-9.7026,10.140000000000043,76,75,3.09,IE,1699377431
32,trincomalee,8.5711,81.2335,27.900000000000034,78,66,2.19,LK,1699377431
33,hampton bays,40.869,-72.5176,17.08000000000004,77,0,8.94,US,1699377262
34,mana,5.6592,-53.7767,30.810000000000002,68,65,5.81,GF,1699377431
35,wailua homesteads,22.0669,-159.378,24.439999999999998,89,100,8.75,US,1699377431
36,kone,-21.0595,164.8658,19.220000000000027,84,63,2.46,NC,1699377432
37,olinda,-8.0089,-34.8553,28.850000000000023,65,75,3.6,BR,1699377432
38,bethel,41.3712,-73.414,15.860000000000014,78,0,4.12,US,1699377432
39,vadso,70.0744,29.7487,0.4900000000000091,100,75,3.6,NO,1699377432
40,hithadhoo,-0.6,73.0833,26.910000000000025,80,99,2.97,MV,1699377433
41,tura,25.5198,90.2201,18.27000000000004,87,8,1.43,IN,1699377433
42,palmer,42.1584,-72.3287,16.77000000000004,69,75,4.63,US,1699377433
43,devarkonda,16.7,78.9333,23.660000000000025,87,57,2.47,IN,1699377433
44,margaret river,-33.95,115.0667,11.660000000000025,91,32,3.5,AU,1699377434
45,severskaya,44.8541,38.6769,15.370000000000005,77,0,1.86,RU,1699377434
46,aasiaat,68.7098,-52.8699,-6.2099999999999795,71,100,7.47,GL,1699377434
47,huanan,46.2167,130.5167,-18.779999999999973,100,49,1.68,CN,1699377434
48,blackmans bay,-43.0167,147.3167,12.07000000000005,94,89,1.84,AU,1699377435
49,constantia,44.1833,28.65,13.379999999999995,66,100,4.27,RO,1699377435
50,college,64.8569,-147.8028,-8.029999999999973,86,100,0.0,US,1699377435
51,puerto natales,-51.7236,-72.4875,11.25,54,75,8.75,CL,1699377435
52,san antonio de pale,-1.4014,5.6325,26.310000000000002,82,92,6.28,GQ,1699377436
53,carnarvon,-24.8667,113.6333,20.83000000000004,76,0,8.36,AU,1699377436
54,cascais,38.6979,-9.4215,17.74000000000001,69,20,8.05,PT,1699377436
55,polyarnyy,69.1989,33.4478,0.18999999999999773,79,100,4.69,RU,1699377436
56,enewetak,11.3474,162.3373,28.180000000000007,71,100,10.11,MH,1699377437
57,naxos,37.1056,25.3764,22.390000000000043,78,0,0.45,GR,1699377377
58,iqaluit,63.7506,-68.5145,-9.149999999999977,78,100,3.09,CA,1699377437
59,nosy varika,-20.5833,48.5333,22.660000000000025,73,34,1.61,MG,1699377437
60,arraial do cabo,-22.9661,-42.0278,24.920000000000016,47,20,5.14,BR,1699377437
61,escarcega,18.6089,-90.7454,30.960000000000036,51,82,1.46,MX,1699377438
62,afaahiti,-17.75,-149.2833,24.930000000000007,84,87,9.68,PF,1699377438
63,isafjordur,66.0755,-23.124,1.0200000000000387,75,40,0.0,IS,1699377438
64,kariba,-16.5167,28.8,32.650000000000034,32,56,1.96,ZW,1699377438
65,zheleznogorsk,52.331,35.3711,7.350000000000023,86,16,4.6,RU,1699377438
66,kavaratti,10.5669,72.642,28.58000000000004,71,96,1.39,IN,1699377254
67,sao miguel,-5.4667,-35.3667,31.430000000000007,51,94,7.63,BR,1699377439
68,sitka,57.0531,-135.33,3.9399999999999977,93,100,1.54,US,1699377439
69,panevezys,55.7333,24.35,8.240000000000009,84,99,5.49,LT,1699377214
70,susuman,62.7833,148.1667,-26.129999999999967,99,99,0.4,RU,1699377439
71,ribeira grande,38.5167,-28.7,20.430000000000007,88,75,7.6,PT,1699377439
72,longyearbyen,78.2186,15.6401,-13.089999999999975,78,20,3.09,SJ,1699377440
73,gadzhiyevo,69.2551,33.3362,0.7400000000000091,78,100,5.16,RU,1699377440
74,dalandzadgad,43.5708,104.425,-6.859999999999957,25,80,1.85,MN,1699377440
75,posto fiscal rolim de moura,-13.0833,-62.2667,41.52000000000004,23,95,1.59,BR,1699377441
76,pingzhuang,42.0372,119.2889,-1.4699999999999704,85,86,0.8,CN,1699377441
77,pangoa,-12.1167,-73.0,34.150000000000034,38,95,2.2,PE,1699377441
78,klyuchi,52.2667,79.1667,-2.2999999999999545,78,48,2.1,RU,1699377442
79,qaqortoq,60.7167,-46.0333,3.420000000000016,50,100,6.31,GL,1699377442
80,alta,69.9689,23.2717,0.5900000000000318,87,75,1.03,NO,1699377442
81,sohbatpur,28.5202,68.5434,26.660000000000025,31,24,2.84,PK,1699377442
82,mhamid,29.82,-5.72,23.58000000000004,25,0,10.5,MA,1699377443
83,ivnya,51.0629,36.1343,10.29000000000002,83,6,5.17,RU,1699377443
84,paracuru,-3.41,-39.0306,28.390000000000043,56,93,6.95,BR,1699377234
85,saldanha,-33.0117,17.9442,15.310000000000002,79,7,6.43,ZA,1699377443
86,fortuna,40.5982,-124.1573,12.740000000000009,96,75,3.09,US,1699377444
87,minab,27.1467,57.0801,26.27000000000004,56,0,1.44,IR,1699377444
88,queenstown,-31.8976,26.8753,14.629999999999995,72,73,6.4,ZA,1699377303
89,port mathurin,-19.6833,63.4167,25.03000000000003,75,9,5.07,MU,1699377444
90,isiro,2.7739,27.616,20.060000000000002,94,98,1.14,CD,1699377444
91,punta gorda,26.9298,-82.0454,29.03000000000003,72,75,2.57,US,1699377444
92,aljezur,37.3191,-8.8033,16.640000000000043,72,15,3.63,PT,1699377445
93,grytviken,-54.2811,-36.5092,4.760000000000048,74,83,0.87,GS,1699377445
94,siwa oasis,29.2041,25.5195,26.150000000000034,37,0,2.04,EG,1699377445
95,iskateley,67.6803,53.1512,1.6800000000000068,100,100,8.94,RU,1699377445
96,viedma,-40.8135,-62.9967,25.120000000000005,22,100,6.8,AR,1699377445
97,hajnowka,52.7433,23.5812,7.230000000000018,87,8,0.45,PL,1699377446
98,gisborne,-38.6533,178.0042,11.670000000000016,90,100,7.76,NZ,1699377191
99,tamanrasset,22.785,5.5228,24.950000000000045,10,0,4.12,DZ,1699377319
100,faro,37.0194,-7.9322,16.879999999999995,72,40,3.6,PT,1699377446
101,cole harbour,44.6724,-63.4751,11.090000000000032,80,75,9.77,CA,1699377367
102,whitehorse,60.7161,-135.0538,-3.569999999999993,79,75,5.14,CA,1699377207
103,maragogi,-9.0122,-35.2225,28.960000000000036,58,37,5.03,BR,1699377446
104,tostedt,53.2833,9.7167,9.170000000000016,87,99,5.42,DE,1699377447
105,el granada,37.5027,-122.4694,16.760000000000048,83,40,5.14,US,1699377447
106,lerwick,60.1545,-1.1494,4.0,84,79,1.92,GB,1699377447
107,dudinka,69.4058,86.1778,-10.17999999999995,92,100,12.96,RU,1699377447
108,salinas,36.6777,-121.6555,15.32000000000005,90,75,4.12,US,1699377448
109,bilibino,68.0546,166.4372,-25.70999999999998,99,97,0.92,RU,1699377448
110,port lincoln,-34.7333,135.8667,13.480000000000018,85,9,5.78,AU,1699377448
111,beyneu,45.3167,55.2,13.580000000000041,87,100,6.82,KZ,1699377448
112,saipan,15.1355,145.701,27.390000000000043,83,20,4.12,MP,1699377449
113,souillac,-20.5167,57.5167,25.210000000000036,83,75,5.66,MU,1699377449
114,inhambane,-23.865,35.3833,25.99000000000001,94,40,5.14,MZ,1699377449
115,akobo,7.4344,3.9497,25.75,83,40,2.06,NG,1699377449
116,puerto santa,-8.9906,-78.6456,20.939999999999998,77,44,5.61,PE,1699377450
117,praia da vitoria,38.7333,-27.0667,21.140000000000043,73,20,12.81,PT,1699377450
118,hermanus,-34.4187,19.2345,15.54000000000002,66,22,3.22,ZA,1699377450
119,puerto princesa,9.7392,118.7353,26.939999999999998,86,65,1.12,PH,1699377451
120,sarkand,45.41,79.9186,7.1299999999999955,37,0,1.22,KZ,1699377451
121,tolanaro,-25.0319,46.9987,22.80000000000001,77,7,8.22,MG,1699377451
122,awjilah,29.1081,21.2869,25.879999999999995,30,0,3.41,LY,1699377451
123,anzio,41.4853,12.6179,15.810000000000002,86,99,4.31,IT,1699377452
124,funafuti,-8.5243,179.1942,28.340000000000032,77,64,2.55,TV,1699377452
125,toliara,-23.35,43.6667,25.170000000000016,78,0,2.06,MG,1699377360
126,thompson,55.7435,-97.8558,-3.909999999999968,74,100,2.57,CA,1699377452
127,antonio enes,-16.2325,39.9086,27.350000000000023,76,3,8.96,MZ,1699377453
128,port elizabeth,-33.918,25.5701,16.29000000000002,84,20,5.66,ZA,1699377453
129,blackfoot,43.1905,-112.345,5.8799999999999955,62,100,6.86,US,1699377453
130,georgetown,5.4112,100.3354,27.230000000000018,94,20,1.54,MY,1699377453
131,thames,-37.1333,175.5333,7.650000000000034,95,59,2.39,NZ,1699377453
132,ilulissat,69.2167,-51.1,-0.9899999999999523,40,75,5.66,GL,1699377454
133,livingstone,-17.8419,25.8543,28.390000000000043,39,73,2.74,ZM,1699377454
134,esmeraldas,-19.7625,-44.3139,29.480000000000018,27,0,2.3,BR,1699377306
135,minas de marcona,-15.2119,-75.1103,19.55000000000001,56,16,7.83,PE,1699377454
136,puerto baquerizo moreno,-0.9,-89.6,29.55000000000001,54,20,7.2,EC,1699377454
137,avarua,-21.2078,-159.775,22.03000000000003,64,75,5.14,CK,1699377454
138,aldinga beach,-35.2793,138.4604,14.129999999999995,93,67,3.17,AU,1699377455
139,santa cruz,-17.8,-63.1667,38.03000000000003,37,40,8.75,BO,1699377391
140,axim,4.8699,-2.2405,27.379999999999995,80,92,4.36,GH,1699377455
141,shizuishan,39.2333,106.7694,3.7100000000000364,28,98,3.76,CN,1699377455
142,azul,-36.777,-59.8585,28.99000000000001,44,89,6.32,AR,1699377455
143,vilyuchinsk,52.9306,158.4028,-2.819999999999993,59,100,5.45,RU,1699377455
144,hamilton,39.1834,-84.5333,22.350000000000023,47,0,2.57,US,1699377187
145,tegueste,28.5167,-16.3167,19.49000000000001,74,75,8.05,ES,1699377456
146,labytnangi,66.6572,66.4183,0.10000000000002274,99,96,1.83,RU,1699377456
147,aykhal,66.0,111.5,-19.95999999999998,100,58,1.37,RU,1699377456
148,margate,51.3813,1.3862,10.730000000000018,78,8,1.79,GB,1699377456
149,calvinia,-31.4707,19.776,16.480000000000018,45,2,5.32,ZA,1699377457
150,barra,-11.0894,-43.1417,31.58000000000004,46,87,1.45,BR,1699377457
151,terrace,54.5163,-128.6035,5.1200000000000045,87,100,2.06,CA,1699377333
152,guiyang,26.5833,106.7167,16.27000000000004,94,100,3.0,CN,1699377457
153,vila do maio,15.1333,-23.2167,28.439999999999998,71,99,8.46,CV,1699377457
154,pingliang,35.5392,106.6861,6.0,36,3,2.25,CN,1699377458
155,riberalta,-10.9833,-66.1,34.110000000000014,62,75,3.09,BO,1699377458
156,lompoc,34.6391,-120.4579,19.450000000000045,65,0,6.69,US,1699377246
157,pipraich,26.8264,83.53,20.879999999999995,43,0,2.28,IN,1699377458
158,kodiak,57.79,-152.4072,-2.269999999999982,93,40,2.06,US,1699377458
159,shaoxing,30.011,120.5715,10.970000000000027,59,89,1.51,CN,1699377459
160,porto belo,-27.1578,-48.5531,24.980000000000018,65,14,5.06,BR,1699377459
161,touros,-5.1989,-35.4608,29.610000000000014,55,100,6.69,BR,1699377231
162,colonia,50.9333,6.95,10.54000000000002,77,75,4.12,DE,1699377459
163,kosh-agach,50.0,88.6667,-13.159999999999968,89,85,0.89,RU,1699377459
164,tutoia,-2.7619,-42.2744,29.860000000000014,62,100,7.72,BR,1699377257
165,mesquite,32.7668,-96.5992,26.960000000000036,66,0,6.69,US,1699377460
166,ouadda,8.0777,22.4007,24.510000000000048,72,84,1.66,CF,1699377460
167,atafu village,-8.5421,-172.5159,28.79000000000002,76,89,6.4,TK,1699377460
168,suva,-18.1416,178.4415,21.710000000000036,100,20,1.03,FJ,1699377307
169,talnakh,69.4865,88.3972,-10.439999999999998,77,100,9.1,RU,1699377461
170,daru,-9.0763,143.2092,24.810000000000002,90,96,4.09,PG,1699377461
171,jamestown,42.097,-79.2353,11.120000000000005,82,100,7.2,US,1699377200
172,abepura,-2.6333,140.5833,25.450000000000045,89,20,1.03,ID,1699377461
173,alo,7.4178,6.7371,28.439999999999998,77,65,2.05,NG,1699377461
174,lagos,6.5833,3.75,30.180000000000007,86,98,2.7,NG,1699377407
175,udachny,66.4167,112.4,-22.299999999999983,100,61,0.98,RU,1699377461
176,shingu,33.7333,135.9833,12.080000000000041,80,68,3.08,JP,1699377462
177,usinsk,65.9939,57.5281,-0.5199999999999818,97,100,8.49,RU,1699377462
178,cottage grove,44.8277,-92.9438,6.210000000000036,78,100,4.63,US,1699377462
179,kingman,35.1894,-114.053,21.410000000000025,18,0,6.69,US,1699377462
180,urzhar,47.093,81.6294,5.060000000000002,38,10,2.07,KZ,1699377462
181,katsuura,35.1333,140.3,18.590000000000032,74,26,9.42,JP,1699377462
182,hawaiian paradise park,19.5933,-154.9731,23.83000000000004,94,20,2.06,US,1699377463
183,luanda,-8.8368,13.2343,27.0,78,20,6.69,AO,1699377463
184,benguela,-12.5763,13.4055,25.730000000000018,68,15,2.96,AO,1699377463
185,stephenville,32.2207,-98.2023,27.150000000000034,44,0,5.66,US,1699377463
186,colchani,-20.3,-66.9333,19.060000000000002,28,20,4.86,BO,1699377464
187,alice springs,-23.7,133.8833,19.75,21,71,2.57,AU,1699377464
188,olonkinbyen,70.9221,-8.7187,0.9300000000000068,68,95,3.88,SJ,1699377464
189,lihue,21.9789,-159.3672,24.77000000000004,86,100,8.75,US,1699377464
190,utrik,11.2278,169.8474,27.54000000000002,79,100,11.3,MH,1699377464
191,prince rupert,54.3161,-130.3201,6.830000000000041,88,100,10.8,CA,1699377464
192,auki,-8.7676,160.7034,24.82000000000005,92,100,0.36,SB,1699377465
193,rudsar,37.1376,50.288,17.99000000000001,79,63,2.06,IR,1699377465
194,la'ie,21.6477,-157.9253,25.340000000000032,82,64,3.13,US,1699377465
195,mo i rana,66.3128,14.1428,1.8500000000000227,93,100,1.34,NO,1699377465
196,pahrump,36.2083,-115.9839,18.060000000000002,46,2,2.24,US,1699377465
197,happy valley-goose bay,53.3168,-60.3315,-1.829999999999984,59,100,3.09,CA,1699377465
198,sao gabriel da cachoeira,-0.1303,-67.0892,29.0,79,98,1.1,BR,1699377466
199,yaren,-0.5472,166.916,28.760000000000048,76,100,6.35,NR,1699377466
200,vorgashor,67.5833,63.95,0.30000000000001137,99,100,3.11,RU,1699377466
201,asau,46.4333,26.4,12.510000000000048,65,93,1.43,RO,1699377466
202,puerto aysen,-45.4,-72.7,8.600000000000023,99,100,1.85,CL,1699377466
203,bafoulabe,13.8065,-10.8321,39.10000000000002,10,49,3.01,ML,1699377467
204,luderitz,-26.6481,15.1594,18.450000000000045,69,0,11.49,NA,1699377467
205,kapuskasing,49.4169,-82.4331,-1.9499999999999886,74,75,5.66,CA,1699377180
206,hasaki,35.7333,140.8333,13.220000000000027,59,14,7.95,JP,1699377467
207,kievka,50.2619,71.5514,4.590000000000032,33,17,3.96,KZ,1699377467
208,dunedin,-45.8742,170.5036,10.450000000000045,82,100,1.82,NZ,1699377467
209,todaraisingh,26.0167,75.4833,25.200000000000045,29,85,0.84,IN,1699377468
210,kuta,-8.7233,115.1723,26.970000000000027,88,40,3.13,ID,1699377468
211,osinniki,53.6239,87.3598,-10.269999999999982,99,100,1.01,RU,1699377468
212,kodinsk,58.6881,99.1844,-8.639999999999986,96,30,1.5,RU,1699377468
213,quatre cocos,-20.2078,57.7625,25.060000000000002,81,70,3.82,MU,1699377468
214,lere,10.387,8.5726,26.720000000000027,27,59,2.17,NG,1699377469
215,konce,41.4958,22.385,14.950000000000045,64,80,2.67,MK,1699377469
216,charters towers,-20.1,146.2667,19.260000000000048,92,19,3.35,AU,1699377469
217,sarangani,5.4033,125.4636,28.600000000000023,75,89,3.44,PH,1699377469
218,coreau,-3.5333,-40.6567,38.03000000000003,21,94,3.46,BR,1699377469
219,mugia,43.1041,-9.2179,15.650000000000034,67,95,5.03,ES,1699377469
220,pascagoula,30.3658,-88.5561,27.0,56,20,2.06,US,1699377266
221,manavalakurichi,8.1333,77.3,26.890000000000043,81,100,1.28,IN,1699377470
222,truth or consequences,33.1284,-107.2528,20.08000000000004,25,0,3.6,US,1699377470
223,weno,7.4515,151.8468,27.970000000000027,83,100,3.6,FM,1699377470
224,kimbe,-5.5502,150.1429,24.390000000000043,91,95,1.71,PG,1699377470
225,jiagedaqi,50.4167,124.1167,-14.609999999999957,96,88,0.83,CN,1699377470
226,yaguara,2.6636,-75.5175,31.25,43,96,1.17,CO,1699377470
227,guerrero negro,27.9769,-114.0611,22.610000000000014,63,0,6.03,MX,1699377322
228,kermanshah,34.3142,47.065,14.5,55,0,3.09,IR,1699377471
229,namsos,64.4662,11.4957,5.03000000000003,87,0,4.12,NO,1699377471
230,novo aripuana,-5.1206,-60.3797,24.900000000000034,89,100,1.33,BR,1699377471
231,ar rahad,12.7167,30.65,30.629999999999995,43,62,5.71,SD,1699377471
232,fort st. john,56.2499,-120.8529,-1.0600000000000023,100,75,4.63,CA,1699377255
233,petauke,-14.2426,31.3253,30.74000000000001,27,89,1.94,ZM,1699377472
234,igrim,63.1906,64.4162,1.8900000000000432,99,100,2.5,RU,1699377472
235,kerikeri,-35.2268,173.9474,11.060000000000002,90,51,4.55,NZ,1699377472
236,anadyr,64.75,177.4833,-12.71999999999997,78,0,5.0,RU,1699377472
237,saint-pierre,-21.3393,55.4781,23.090000000000032,88,75,7.2,RE,1699377473
238,hualien city,23.9769,121.6044,22.160000000000025,86,93,2.1,TW,1699377473
239,arno,60.1167,18.6333,5.439999999999998,92,100,1.88,SE,1699377473
240,quibala,-10.7337,14.98,20.57000000000005,89,99,0.81,AO,1699377473
241,ta`u,-14.2336,-169.5144,26.410000000000025,85,100,8.95,AS,1699377473
242,pedra azul,-16.0053,-41.2972,29.79000000000002,37,61,2.73,BR,1699377474
243,gobabis,-22.45,18.9667,26.110000000000014,8,0,5.51,NA,1699377474
244,vila franca do campo,37.7167,-25.4333,22.710000000000036,99,62,7.19,PT,1699377474
245,shibetsu,43.659,145.132,8.180000000000007,81,58,5.51,JP,1699377474
246,gurupi,-11.7292,-49.0686,36.79000000000002,30,100,2.23,BR,1699377474
247,vokhtoga,58.8147,41.0461,6.330000000000041,83,100,4.09,RU,1699377475
248,nanakuli,21.3906,-158.1547,25.340000000000032,83,40,5.14,US,1699377475
249,port saint john's,-31.6229,29.5448,19.370000000000005,80,100,5.83,ZA,1699377475
250,bubaque,11.2833,-15.8333,30.189999999999998,54,6,2.6,GW,1699377475
251,lamu,-2.2717,40.902,25.120000000000005,85,61,5.41,KE,1699377475
252,northam,51.0333,-4.2167,10.140000000000043,86,5,5.07,GB,1699377476
253,pul-e khumri,35.9446,68.7151,18.170000000000016,30,99,1.6,AF,1699377476
254,purpe,64.4803,76.6897,-0.7599999999999909,95,100,7.14,RU,1699377476
255,puerto deseado,-47.7503,-65.8938,13.700000000000045,51,90,6.64,AR,1699377476
256,dhuusamarreeb,5.535,46.3861,27.83000000000004,55,57,4.17,SO,1699377476
257,swainsboro,32.5974,-82.3337,25.939999999999998,38,0,4.63,US,1699377476
258,antsohihy,-14.8796,47.9875,27.610000000000014,69,45,1.11,MG,1699377477
259,najafabad,32.6344,51.3668,10.300000000000011,26,1,2.24,IR,1699377477
260,pacasmayo,-7.4006,-79.5714,22.08000000000004,71,19,7.46,PE,1699377477
261,valparaiso,-33.0393,-71.6273,25.80000000000001,53,0,7.2,CL,1699377379
262,cabo san lucas,22.8909,-109.9124,30.980000000000018,61,75,2.06,MX,1699377477
263,pangody,65.85,74.4859,0.5800000000000409,98,100,4.18,RU,1699377477
264,noida,28.58,77.33,23.160000000000025,23,0,1.51,IN,1699377477
265,ouddorp,51.8117,3.9347,10.57000000000005,84,25,10.34,NL,1699377478
266,korsakov,46.6328,142.7813,1.910000000000025,96,100,7.06,RU,1699377478
267,ljusdal,61.8288,16.0913,1.3600000000000136,97,96,0.86,SE,1699377307
268,katsuren-haebaru,26.3369,127.8719,21.010000000000048,88,0,1.54,JP,1699377478
269,birjand,32.8663,59.2211,11.260000000000048,71,20,2.06,IR,1699377478
270,nar'yan-mar,67.6713,53.087,1.7300000000000182,100,100,8.94,RU,1699377478
271,taroa,8.7058,171.2275,27.920000000000016,79,100,8.94,MH,1699377479
272,chonchi,-42.6128,-73.8092,14.510000000000048,65,85,3.64,CL,1699377479
273,baker city,44.7749,-117.8344,6.840000000000032,67,100,0.0,US,1699377479
274,gainesville,29.6516,-82.3248,27.82000000000005,35,0,0.45,US,1699377210
275,kiama,-34.6833,150.8667,17.78000000000003,84,76,2.24,AU,1699377479
276,al ghayzah,16.2079,52.176,28.150000000000034,60,25,2.38,YE,1699377479
277,shimokizukuri,40.8061,140.3861,9.730000000000018,74,95,7.99,JP,1699377479
278,olyokminsk,60.3736,120.4264,-17.379999999999967,97,100,1.46,RU,1699377480
279,sangmelima,2.9333,11.9833,22.180000000000007,95,98,0.91,CM,1699377480
280,jieshi,22.8134,115.8257,22.689999999999998,77,45,8.59,CN,1699377480
281,dellys,36.9172,3.9131,17.75,55,77,1.92,DZ,1699377480
282,atbara,17.7022,33.9864,32.83000000000004,22,10,4.61,SD,1699377480
283,holdrege,40.4403,-99.3698,12.600000000000023,100,100,5.66,US,1699377480
284,yueyang,29.3333,113.0919,16.80000000000001,59,36,4.32,CN,1699377481
285,chui,-33.6971,-53.4616,25.120000000000005,63,1,5.96,UY,1699377481
286,la passe,45.5549,-0.8967,10.129999999999995,82,54,4.46,FR,1699377481
287,baruun-urt,46.6806,113.2792,-16.189999999999998,90,38,4.32,MN,1699377481
288,tinaquillo,9.9186,-68.3047,30.04000000000002,69,50,2.6,VE,1699377481
289,svetlyy,54.675,20.1347,9.03000000000003,77,100,6.98,RU,1699377481
290,port pirie,-33.1833,138.0167,14.730000000000018,52,33,2.93,AU,1699377482
291,huaraz,-9.5333,-77.5333,19.200000000000045,52,44,2.17,PE,1699377244
292,irvine,33.6695,-117.8231,19.970000000000027,76,75,1.54,US,1699377341
293,sinabang,2.4803,96.3801,25.75,87,99,1.8,ID,1699377482
294,samdari,25.8167,72.5833,27.600000000000023,25,14,2.16,IN,1699377482
295,fale old settlement,-9.3852,-171.2468,28.79000000000002,73,99,6.19,TK,1699377483
296,hammerfest,70.6634,23.6821,1.25,93,75,3.09,NO,1699377483
297,najran,17.4924,44.1277,24.360000000000014,34,91,6.73,SA,1699377483
298,la ronge,55.1001,-105.2842,-0.8599999999999568,86,100,4.12,CA,1699377483
299,ust-nera,64.5667,143.2,-27.47999999999999,99,99,0.53,RU,1699377484
300,nuku'alofa,-21.1333,-175.2,22.189999999999998,100,20,2.06,TO,1699377484
301,arkhara,49.4212,130.0842,-14.569999999999993,96,34,1.34,RU,1699377484
302,nova sintra,14.8667,-24.7167,24.010000000000048,73,100,8.58,CV,1699377484
303,nabire,-3.3667,135.4833,24.720000000000027,93,98,1.55,ID,1699377484
304,mutuali,-14.8706,37.0044,30.760000000000048,35,54,0.75,MZ,1699377485
305,sendafa,9.15,39.0333,11.29000000000002,62,35,2.93,ET,1699377384
306,fort bragg,35.139,-79.006,26.010000000000048,39,0,2.06,US,1699377485
307,pointe-noire,-4.7761,11.8635,26.439999999999998,84,85,3.42,CG,1699377485
308,hanceville,34.0607,-86.7675,25.840000000000032,43,0,3.26,US,1699377486
309,acarau,-2.8856,-40.12,30.960000000000036,53,69,8.84,BR,1699377486
310,sao felix do xingu,-6.6447,-51.995,32.400000000000034,48,98,1.37,BR,1699377486
311,shenjiamen,29.9576,122.298,17.920000000000016,66,100,5.21,CN,1699377486
312,canmore,51.0834,-115.3521,4.060000000000002,75,100,3.6,CA,1699377487
313,yuzhno-kurilsk,44.0306,145.8556,11.32000000000005,91,63,10.19,RU,1699377255
314,diawara,15.022,-12.5437,38.05000000000001,11,24,4.17,SN,1699377487
315,swakopmund,-22.6833,14.5333,16.100000000000023,77,7,5.36,NA,1699377487
316,san patricio,28.017,-97.5169,28.930000000000007,49,100,5.75,US,1699377487
317,tazovsky,67.4667,78.7,-5.339999999999975,94,100,7.35,RU,1699377488
318,banda aceh,5.5577,95.3222,26.640000000000043,84,97,2.25,ID,1699377488
319,broken hill,-31.95,141.4333,19.920000000000016,60,6,9.6,AU,1699377488
320,az zawr,29.4425,48.2747,28.900000000000034,46,0,6.5,KW,1699377488
321,nuuk,64.1835,-51.7216,1.3400000000000318,37,75,4.12,GL,1699377488
322,badger,64.8,-147.5333,-8.069999999999993,86,100,0.0,US,1699377489
323,fuerte olimpo,-21.0415,-57.8738,43.69,13,13,4.3,PY,1699377489
324,mangrol,21.1167,70.1167,27.53000000000003,64,30,1.96,IN,1699377489
325,nova vicosa,-17.8919,-39.3719,25.79000000000002,56,48,5.73,BR,1699377489
326,labuan bajo,-8.4964,119.8877,25.49000000000001,81,29,2.63,ID,1699377489
327,palikir - national government center,6.9248,158.1611,27.410000000000025,83,100,2.06,FM,1699377489
328,new norfolk,-42.7826,147.0587,12.720000000000027,98,67,1.19,AU,1699377490
329,harper,4.375,-7.7169,27.350000000000023,79,47,3.56,LR,1699377490
330,porto velho,-8.7619,-63.9039,27.03000000000003,74,40,3.09,BR,1699377197
331,nogliki,51.8333,143.1667,0.75,61,100,7.6,RU,1699377490
332,rockland,41.1668,-74.0496,16.230000000000018,85,100,0.45,US,1699377490
333,isangel,-19.55,169.2667,22.5,81,99,6.0,VU,1699377491
334,monrovia,6.3005,-10.7969,27.939999999999998,76,36,3.4,LR,1699377491
335,ninghai,29.2892,121.4247,13.050000000000011,63,100,1.51,CN,1699377491
336,nantucket,41.2835,-70.0995,16.120000000000005,87,100,6.69,US,1699377304
337,kutulik,53.3508,102.7839,-13.519999999999982,92,28,1.84,RU,1699377491
338,sao francisco de paula,-29.4481,-50.5836,30.939999999999998,33,0,0.85,BR,1699377215
339,nishinoomote,30.7333,131.0,19.27000000000004,53,96,0.41,JP,1699377492
340,ouesso,1.6136,16.0517,23.720000000000027,94,80,1.55,CG,1699377440
341,sao paulo de olivenca,-3.3783,-68.8725,27.379999999999995,79,99,1.28,BR,1699377492
342,beau vallon,-20.4189,57.6953,25.129999999999995,83,75,5.66,MU,1699377492
343,sebin karahisar,40.2883,38.4236,9.720000000000027,73,8,2.7,TR,1699377492
344,quthing,-30.4,27.7003,18.370000000000005,38,85,2.34,LS,1699377493
345,porto novo,6.4965,2.6036,28.900000000000034,77,92,3.12,BJ,1699377493
346,amboasary,-25.0333,46.3833,24.010000000000048,75,21,3.99,MG,1699377493
347,ola,59.5833,151.2833,-19.369999999999976,78,1,6.28,RU,1699377493
348,louis trichardt,-23.0439,29.9032,21.03000000000003,66,98,1.55,ZA,1699377493
349,howard springs,-12.497,131.047,27.950000000000045,83,82,2.48,AU,1699377494
350,al fuwayliq,26.4432,43.2534,24.850000000000023,32,0,2.67,SA,1699377494
351,tindouf,27.6711,-8.1474,25.340000000000032,25,39,8.35,DZ,1699377494
352,inari,68.906,27.0288,-0.8899999999999864,98,100,4.19,FI,1699377494
353,saryaghash,41.45,69.1667,13.960000000000036,39,100,2.8,KZ,1699377494
354,pemangkat,1.1667,108.9667,25.74000000000001,88,99,2.26,ID,1699377495
355,newman,37.3138,-121.0208,16.700000000000045,73,0,0.89,US,1699377495
356,ciudad lazaro cardenas,17.9583,-102.2,29.74000000000001,73,98,1.68,MX,1699377495
357,dhidhdhoo,6.8833,73.1,28.090000000000032,75,100,2.52,MV,1699377495
358,ghat,24.9647,10.1728,27.360000000000014,11,0,3.53,LY,1699377495
359,port douglas,-16.4833,145.4667,23.890000000000043,79,91,3.29,AU,1699377496
360,kapa'a,22.0752,-159.319,25.180000000000007,89,100,8.75,US,1699377496
361,sile,41.1754,29.6133,20.370000000000005,68,82,3.86,TR,1699377496
362,port alfred,-33.5906,26.891,16.77000000000004,83,16,2.24,ZA,1699377497
363,nadi,-17.8,177.4167,24.0,83,75,3.6,FJ,1699377497
364,emmett,43.8735,-116.4993,10.189999999999998,71,74,3.09,US,1699377358
365,necocli,8.4234,-76.786,25.090000000000032,93,100,2.01,CO,1699377375
366,loshnitsa,54.2789,28.7639,7.03000000000003,90,34,4.28,BY,1699377498
367,cova figueira,14.8905,-24.2934,23.930000000000007,72,98,8.15,CV,1699377498
368,santa marta de ortigueira,43.6833,-7.85,12.920000000000016,77,100,3.95,ES,1699377498
369,sungai penuh,-2.0833,101.3833,19.27000000000004,99,100,0.66,ID,1699377498
370,nadym,65.5333,72.5167,-0.15999999999996817,97,99,3.94,RU,1699377499
371,lautoka,-17.6167,177.4667,23.920000000000016,83,75,3.6,FJ,1699377258
372,jayapura,-2.5333,140.7,25.660000000000025,90,100,2.28,ID,1699377310
373,appley bridge,53.5778,-2.7209,10.879999999999995,94,41,4.09,GB,1699377488
374,burutu,5.3509,5.5076,28.060000000000002,77,93,3.24,NG,1699377499
375,acapulco de juarez,16.8634,-99.8901,29.83000000000004,69,78,1.6,MX,1699377500
376,laurel,39.0993,-76.8483,21.83000000000004,58,0,2.57,US,1699377500
377,bayanhongor,46.7167,100.1167,-20.529999999999973,82,13,1.77,MN,1699377502
378,portland,45.5234,-122.6762,11.920000000000016,96,98,4.02,US,1699377314
379,ilheus,-14.7889,-39.0494,26.180000000000007,63,95,6.0,BR,1699377506
380,majene,-3.5403,118.9707,25.970000000000027,86,37,1.13,ID,1699377508
381,flin flon,54.7682,-101.865,-2.089999999999975,93,100,4.12,CA,1699377510
382,road town,18.4167,-64.6167,31.02000000000004,70,40,2.06,VG,1699377511
383,escanaba,45.7453,-87.0646,2.5100000000000477,75,100,3.09,US,1699377511
384,coruripe,-10.1256,-36.1756,30.200000000000045,50,26,5.93,BR,1699377364
385,horta,38.5333,-28.6333,20.010000000000048,90,75,7.6,PT,1699377514
386,al jubayl,27.0112,49.6583,26.810000000000002,49,0,4.03,SA,1699377515
387,graaff-reinet,-32.2522,24.5308,18.29000000000002,67,1,7.64,ZA,1699377515
388,sinhyeon,34.8825,128.6267,5.939999999999998,50,0,2.98,KR,1699377515
389,santana do livramento,-30.8908,-55.5328,29.310000000000002,60,0,5.87,BR,1699377515
390,kedrovyy,56.1667,91.8167,-8.769999999999982,100,77,1.09,RU,1699377516
391,pleiku,13.9833,108.0,19.25,95,90,1.56,VN,1699377516
392,coahuayana de hidalgo,18.7,-103.6583,30.82000000000005,64,80,1.08,MX,1699377519
393,kashgar,39.4547,75.9797,9.560000000000002,37,20,3.0,CN,1699377521
394,taber,49.8167,-112.1518,6.910000000000025,84,62,6.69,CA,1699377522
395,fort liberte,19.6678,-71.8397,29.28000000000003,68,37,3.86,HT,1699377523
396,kyaikkami,16.08,97.5675,28.340000000000032,75,82,1.0,MM,1699377523
397,aras-asan,8.8908,126.3033,26.310000000000002,86,100,2.27,PH,1699377524
398,belyy yar,53.6039,91.3903,-7.060000000000002,86,0,2.0,RU,1699377524
399,mayfield,36.7417,-88.6367,24.390000000000043,71,7,4.03,US,1699377524
400,rauco,-34.9267,-71.3187,21.140000000000043,93,20,3.6,CL,1699377524
401,kailua-kona,19.6406,-155.9956,24.170000000000016,88,75,2.57,US,1699377451
402,al wafrah,28.6392,47.9306,24.180000000000007,29,0,4.33,KW,1699377525
403,christchurch,-43.5333,172.6333,8.629999999999995,91,75,1.54,NZ,1699377348
404,smithers,54.7804,-127.1743,1.1800000000000068,75,75,1.54,CA,1699377322
405,cooper's town,26.8667,-77.5167,25.060000000000002,76,20,4.36,BS,1699377525
406,walvis bay,-22.9575,14.5053,16.160000000000025,67,0,10.24,NA,1699377525
407,tyukhtet,56.5389,89.3011,-15.060000000000002,98,68,1.68,RU,1699377526
408,dem'yanovo,60.3511,47.0842,6.230000000000018,96,100,3.4,RU,1699377526
409,pacocha,-17.5833,-71.3333,20.08000000000004,68,75,4.63,PE,1699377526
410,puerto leguizamo,-0.1934,-74.7819,32.06,56,91,0.43,CO,1699377527
411,lanivtsi,49.8633,26.0908,9.710000000000036,79,14,2.95,UA,1699377527
412,lensk,60.7253,114.9278,-8.649999999999977,96,100,1.8,RU,1699377527
413,aleg,17.0481,-13.9209,32.700000000000045,18,100,6.22,MR,1699377527
414,laascaanood,8.4774,47.3597,27.460000000000036,35,81,4.65,SO,1699377527
415,altai,46.3722,96.2583,-11.759999999999991,84,100,1.18,MN,1699377527
416,aden,12.7794,45.0367,27.77000000000004,72,55,3.33,YE,1699377351
417,spirit lake,43.4222,-95.1022,6.730000000000018,86,100,5.91,US,1699377528
418,nieuw amsterdam,5.8833,-55.0833,35.09000000000003,58,40,2.06,SR,1699377528
419,port augusta,-32.5,137.7667,16.32000000000005,57,65,4.45,AU,1699377528
420,tafuna,-14.3358,-170.72,26.970000000000027,94,75,6.17,AS,1699377297
421,plouzane,48.3833,-4.6167,11.03000000000003,71,20,3.09,FR,1699377528
422,chimore,-16.9833,-65.1333,41.200000000000045,23,95,2.54,BO,1699377529
423,nagqu,31.5,92.0,-6.829999999999984,73,100,0.88,CN,1699377529
424,silale,55.4906,22.1814,8.010000000000048,84,100,4.93,LT,1699377529
425,crane,31.3974,-102.3501,26.08000000000004,26,0,3.07,US,1699377529
426,bu'aale,1.0833,42.5833,24.350000000000023,95,100,1.47,SO,1699377529
427,luchegorsk,46.4764,134.2569,-7.399999999999977,97,98,1.05,RU,1699377530
428,fisterra,42.9049,-9.2629,15.57000000000005,65,92,4.77,ES,1699377530
429,dishna,26.1247,32.476,29.460000000000036,18,0,2.29,EG,1699377530
430,tazacorte,28.629,-17.9293,21.75,69,40,7.2,ES,1699377530
431,papao,-17.75,-149.55,25.82000000000005,85,99,10.32,PF,1699377530
432,uturoa,-16.7333,-151.4333,25.52000000000004,80,99,10.59,PF,1699377530
433,sesheke,-17.4759,24.2968,27.410000000000025,43,81,2.67,ZM,1699377531
434,mejit,10.2753,170.8646,27.980000000000018,77,100,9.7,MH,1699377531
435,bardai,11.65,7.2333,28.230000000000018,20,46,2.87,NG,1699377531
436,flying fish cove,-10.4217,105.6791,25.82000000000005,88,100,2.06,CX,1699377531
437,laurentides,46.4334,-74.9826,3.730000000000018,89,100,5.42,CA,1699377531
438,bar,49.0772,27.6826,10.240000000000009,66,2,3.28,UA,1699377531
439,idri,27.5,13.2667,26.260000000000048,16,2,3.06,LY,1699377532
440,opuwo,-18.0607,13.84,30.180000000000007,12,0,5.79,NA,1699377532
441,fuyu,45.1833,124.8167,-11.199999999999989,90,32,3.27,CN,1699377532
442,mauranwan,26.4333,80.8833,19.02000000000004,35,0,1.42,IN,1699377532
443,gadarwara,22.9167,78.7833,21.590000000000032,47,0,1.68,IN,1699377342
444,turpan,42.9333,89.1667,7.650000000000034,17,7,0.96,CN,1699377532
445,kelso,46.1468,-122.9084,12.430000000000007,92,0,2.57,US,1699377533
446,new plymouth,-39.0667,174.0833,9.060000000000002,75,46,3.52,NZ,1699377533
447,saint-philippe,-21.3585,55.7679,22.77000000000004,89,99,5.51,RE,1699377533
448,bokhan,53.153,103.7714,-14.70999999999998,95,28,1.32,RU,1699377533
449,champerico,14.3,-91.9167,33.30000000000001,75,85,1.71,GT,1699377533
450,jumla,29.2747,82.1838,8.580000000000041,79,41,0.35,NP,1699377534
451,veseloyarsk,51.2836,81.1056,-1.9599999999999795,67,18,2.78,RU,1699377534
452,wotho,10.1657,166.0102,27.910000000000025,79,42,8.34,MH,1699377534
453,marsabit,2.3284,37.9899,20.74000000000001,77,93,2.46,KE,1699377534
454,tomatlan,19.9333,-105.25,30.860000000000014,61,60,1.34,MX,1699377534
455,hatillo,18.4863,-66.8254,32.43000000000001,72,78,2.57,PR,1699377534
456,kassala,15.451,36.4,33.379999999999995,30,76,3.73,SD,1699377534
457,carbonear,47.7332,-53.2148,5.970000000000027,53,100,2.78,CA,1699377535
458,santo antonio,-6.3106,-35.4789,33.420000000000016,34,59,7.7,BR,1699377535
459,greymouth,-42.4667,171.2,9.520000000000039,87,97,1.95,NZ,1699377535
460,wajir,1.7471,40.0573,28.52000000000004,67,88,2.13,KE,1699377535
461,freetown,8.484,-13.2299,28.05000000000001,77,98,2.66,SL,1699377435
462,cox's bazar,21.4532,91.9798,21.090000000000032,73,57,3.28,BD,1699377536
463,moab,38.5733,-109.5498,21.450000000000045,21,45,3.13,US,1699377536
464,bayganin,48.6947,55.8742,9.350000000000023,60,100,3.83,KZ,1699377536
465,mount gambier,-37.8333,140.7667,10.450000000000045,96,84,1.25,AU,1699377536
466,berezovyy,51.6667,135.7,-9.239999999999952,91,79,1.39,RU,1699377536
467,puerto escondido,15.85,-97.0667,31.460000000000036,55,40,3.09,MX,1699377536
468,dawei,14.0833,98.2,25.230000000000018,91,75,1.2,MM,1699377536
469,kayangel,8.0823,134.7173,28.210000000000036,77,10,2.98,PW,1699377537
470,hinton,53.4001,-117.5857,1.7100000000000364,80,100,2.08,CA,1699377537
471,al kharj,24.155,47.3346,26.32000000000005,28,3,4.2,SA,1699377537
472,north las vegas,36.1989,-115.1175,22.100000000000023,33,0,11.18,US,1699377537
473,wanning,18.8003,110.3967,24.390000000000043,91,98,1.15,CN,1699377537
474,san luis de la loma,17.2706,-100.8939,29.629999999999995,68,84,1.53,MX,1699377537
475,pathein,16.7833,94.7333,25.100000000000023,89,89,2.2,MM,1699377538
476,paramonga,-10.6667,-77.8333,21.370000000000005,72,65,5.73,PE,1699377538
477,gazojak,41.1875,61.4036,18.189999999999998,34,91,1.67,TM,1699377538
478,ust-tsilma,65.441,52.1498,0.34000000000003183,96,100,4.02,RU,1699377538
479,fada,9.5667,8.3,24.99000000000001,48,100,1.62,NG,1699377538
480,mizdah,31.4451,12.9801,24.590000000000032,21,57,4.47,LY,1699377538
481,mariental,-24.6333,17.9667,25.05000000000001,9,0,4.69,NA,1699377539
482,monte alegre,-2.0078,-54.0692,33.53000000000003,48,100,1.18,BR,1699377539
483,camocim,-2.9022,-40.8411,32.44,49,88,9.77,BR,1699377539
484,pagar alam,-4.0167,103.2667,20.900000000000034,97,79,0.62,ID,1699377539
485,kongolo,-5.3833,27.0,24.420000000000016,81,86,1.03,CD,1699377539
486,kalamazoo,42.2506,-85.55,11.170000000000016,68,100,5.14,US,1699377540
487,businga,3.3333,20.8833,24.470000000000027,89,99,1.08,CD,1699377540
488,mpophomeni,-29.5682,30.1862,13.300000000000011,99,100,1.46,ZA,1699377540
489,matozinhos,-19.5578,-44.0814,29.24000000000001,30,20,4.63,BR,1699377540
490,muravlenko,63.7898,74.523,-0.75,93,100,6.05,RU,1699377540
491,isola di capo rizzuto,38.96,17.0933,19.410000000000025,88,0,5.14,IT,1699377541
492,chengzihe,45.3333,131.0667,-18.44999999999999,97,17,1.95,CN,1699377541
493,north shore,-36.8,174.75,13.230000000000018,81,99,2.24,NZ,1699377541
494,isla mujeres,21.2311,-86.731,29.03000000000003,64,97,5.56,MX,1699377541
495,ulladulla,-35.35,150.4667,13.760000000000048,93,73,3.17,AU,1699377542
496,revelstoke,50.9832,-118.2023,5.010000000000048,93,100,1.54,CA,1699377542
497,mar del plata,-38.0023,-57.5575,31.02000000000004,67,75,6.17,AR,1699377486
498,balqash,46.8481,74.995,6.180000000000007,42,4,4.92,KZ,1699377542
499,korla,41.7597,86.1469,6.28000000000003,25,2,0.48,CN,1699377542
500,ancud,-41.8697,-73.8203,11.590000000000032,79,71,5.84,CL,1699377415
501,kununurra,-15.7667,128.7333,25.99000000000001,83,19,3.6,AU,1699377450
502,khovd,48.0056,91.6419,-7.0499999999999545,67,6,1.27,MN,1699377543
503,emerald,-23.5333,148.1667,18.52000000000004,79,18,5.23,AU,1699377543
504,villa gesell,-37.2639,-56.973,24.470000000000027,58,93,8.5,AR,1699377543
505,chinju,35.1928,128.0847,2.900000000000034,63,0,1.87,KR,1699377544
506,dongcun,36.7767,121.1597,11.010000000000048,64,1,3.21,CN,1699377544
507,toyooka,35.5333,134.8333,12.420000000000016,73,38,1.57,JP,1699377544
508,vernon,50.2581,-119.2691,7.560000000000002,91,100,2.06,CA,1699377545
509,vila velha,-20.3297,-40.2925,25.970000000000027,60,20,7.72,BR,1699377359
510,bela vista,-22.1089,-56.5211,41.39000000000004,14,1,3.07,BR,1699377546
511,al mindak,20.1588,41.2834,15.78000000000003,53,71,1.9,SA,1699377546
512,sugar hill,34.1065,-84.0335,25.400000000000034,49,0,3.4,US,1699377531
513,uray,60.1247,64.7758,3.2600000000000477,82,99,3.13,RU,1699377547
514,eunice,30.4944,-92.4176,28.860000000000014,48,93,4.93,US,1699377491
515,faya-largeau,17.9257,19.1043,29.220000000000027,12,1,5.43,TD,1699377547
516,san borja,-14.8167,-66.85,41.58000000000004,23,81,2.78,BO,1699377548
517,sumbe,-11.2061,13.8437,26.230000000000018,78,56,3.77,AO,1699377548
518,pocito,-31.6833,-68.5833,35.31,12,0,8.61,AR,1699377548
519,chibougamau,49.9168,-74.3659,-3.2099999999999795,93,100,5.14,CA,1699377445
520,carutapera,-1.195,-46.02,30.840000000000032,57,95,5.33,BR,1699377549
521,greenville,35.6127,-77.3663,24.970000000000027,43,0,5.66,US,1699377448
522,bewdley,52.3754,-2.3172,10.379999999999995,93,15,4.13,GB,1699377549
523,severo-yeniseyskiy,60.3725,93.0408,-18.109999999999985,98,57,1.48,RU,1699377549
524,oak grove,45.4168,-122.6401,11.610000000000014,95,99,1.34,US,1699377550
525,naze,28.3667,129.4833,19.510000000000048,68,29,4.79,JP,1699377550
526,sidi qacem,34.2215,-5.7078,18.120000000000005,37,2,2.76,MA,1699377550
527,schwaz,47.3391,11.7336,5.28000000000003,92,100,1.26,AT,1699377551
528,remire-montjoly,4.9167,-52.2667,32.02000000000004,62,40,5.66,GF,1699377551
529,mercedes,-34.6515,-59.4307,31.689999999999998,43,16,6.0,AR,1699377551
530,basoko,1.2391,23.616,23.49000000000001,87,100,1.4,CD,1699377551
531,bovalino,38.149,16.174,22.939999999999998,72,57,2.82,IT,1699377552
532,le port,-20.9373,55.2919,24.980000000000018,97,96,2.16,RE,1699377552
533,trinity beach,-16.7888,145.6968,23.939999999999998,87,100,2.06,AU,1699377552
534,askoy,60.4092,5.226,5.970000000000027,100,20,1.03,NO,1699377552
535,dauphin,51.1494,-100.0502,-0.9199999999999591,86,100,4.63,CA,1699377356
536,moree,-29.4667,149.85,18.870000000000005,69,90,7.29,AU,1699377553
537,andergrove,-21.0833,149.1833,21.470000000000027,82,13,4.22,AU,1699377553
538,pacific grove,36.6177,-121.9166,14.680000000000007,90,75,2.24,US,1699377553
539,selfoss,63.9331,-20.9971,3.3600000000000136,67,31,4.03,IS,1699377553
540,scicli,36.7902,14.7014,22.75,89,39,2.42,IT,1699377554
541,bantay,17.5847,120.3892,25.08000000000004,77,15,2.78,PH,1699377554
542,verkhnevilyuysk,63.4453,120.3167,-24.569999999999965,99,80,1.36,RU,1699377554
543,les cayes,18.2,-73.75,30.670000000000016,61,33,4.04,HT,1699377554
544,burlington,39.8835,-74.6413,19.83000000000004,66,75,5.14,US,1699377555
545,mangai,-4.05,19.5333,27.370000000000005,69,95,0.81,CD,1699377555
546,suances,43.4334,-4.0434,13.78000000000003,88,75,4.12,ES,1699377555
547,miyaly,48.8844,53.7836,12.020000000000039,84,100,4.23,KZ,1699377555
548,itoman,26.1247,127.6694,21.010000000000048,73,16,3.09,JP,1699377555
549,meskiana,35.6306,7.6661,17.720000000000027,78,94,4.25,DZ,1699377556
550,gandajika,-6.75,23.95,23.57000000000005,75,56,0.96,CD,1699377556
551,isna,25.2934,32.554,31.150000000000034,17,0,4.15,EG,1699377556
552,sakaiminato,35.55,133.2333,10.990000000000009,93,75,3.6,JP,1699377556
553,hadibu,12.65,54.0333,26.660000000000025,72,11,3.99,YE,1699377557
554,dzuunmod,48.2199,97.3744,-16.989999999999952,94,100,1.9,MN,1699377557
555,san buenaventura,27.0833,-101.5333,27.25,28,97,0.93,MX,1699377557
556,inirida,3.8653,-67.9239,33.660000000000025,50,59,0.99,CO,1699377557
557,burang,30.25,81.1667,-0.5499999999999545,83,81,1.53,CN,1699377558
558,dasnapur,19.654,78.5121,22.340000000000032,51,79,0.32,IN,1699377558
